1,admin,parola
2,coconimmm,lowegg54
3,doznajubh,kindcup77
4,Fazzittaw5,youngdoll56
5,Othessedypextba,yellowmap11
6,glietie4,grayjoke90
7,mutatiefhh,smalldoor94
8,rucagute,nicesnow72
9,impelag,cutejar35
10,okhalwenitf,greenbed16
11,wattybbally6,coolfrog32
12,lkl12abcdezt,kindsong50
13,ara1zo8m,bravecow34
14,tractel3,calmtoy79
15,horoguq,graycow43
16,kapelonnage,prettytoe46
17,p2io74,quiettiger82
18,priznajmot3,oldmeal62
19,engripiecl,grayrock62
20,povratnozj,loudtiger79
21,Novaljulh,smallclam39
22,booker12,prettyhat21
23,grey07,bluecat30
24,johnson81,bravepest61
25,jenkins46,pinkjoke80
26,smith79,flatdoll30
27,groeseligq7,cutelock16
28,teddybear449a1,coldhair28
29,bazobonaf2,bluedesk24
30,abreujavi00,oddegg67
31,Tafht,tinyclam30
32,Zobaerogssods8b,coolpig65
33,theboob2007yw,shortdesk87
34,zooporno7p,graybook38
35,skulptori0a,oldwish43
36,Piraixu,graybunny20
37,hefrauz8,lowpig83
38,zlobniciig,pinkbird59
39,linnalyncbypeja,redmouse58
40,quinbttjb,oldhair51
41,jetgirl78l5,tallarm76
42,Lozzolo2k,proudmall29
43,oscineanaveded1,cutebird77
44,melendut8c,roundjar53
45,deaftonefs,bluekite15
46,bobo888bobonb,pinkdog32
47,kruisgrasal,oddmeal60
48,hlfilms19,richbook70
49,Anlagetipch,oddmap47
50,nikilou3337x,lowdog28
51,praise2hands4i,drystar23
52,PaussyFallfugl5,purplebird75
53,m5per3er1g4,sillyjar31
54,enulaDralgey9,greensong79
55,lammellarkelek6,roundfrog87
56,melesigeniek,happysnow82